N,CPU Time (s),Ops (N^3),CPU Mops/s
10,6.4e-05,1000,15.63
20,0.000118,8000,67.82
50,0.000617,125000,202.58
100,0.003247,1000000,308.01
