N,TPU Time (s),Ops (N^3),TPU Mops/s
10,0.046327,1000,0.02
20,0.047648,8000,0.17
50,0.046215,125000,2.7
100,0.047123,1000000,21.22
